Band,Range,RBW,frequency,abs_power,limit_pwr
1.4,1,100000,71499.4375,-48.29167175,8.708328247
2110.7,2,1000000,1710140672.0,-49.06455612,-2.064556122
